image,href,adress,price,title
https://img.olx.com.br/thumbs256x256/51/511912080062491.jpg,https://(null).olx.com.br/(null)/(null)/cronos-sedan-1-3-drive-firefly-gsr-flex-4p-aut-677038913,Kobrasol,R$ 57.490,Cronos Sedan 1.3 Drive Firefly GSR (Flex) 4p Aut
"https://img.olx.com.br/thumbs256x256/47/476917117767177.jpg,475917115945270.jpg,476917114468589.jpg,470917119214466.jpg,478917114813815.jpg,470917111860453.jpg,474917116189754.jpg",https://sc.olx.com.br/florianopolis-e-regiao/autos-e-pecas/carros-vans-e-utilitarios/palio-elx-2005-708680279,"Palhoça, 
										São Sebastião",R$ 56.660,Palio ELX 2005 - 2005
https://img.olx.com.br/thumbs256x256/77/770016002677880.jpg,https://sc.olx.com.br/florianopolis-e-regiao/autos-e-pecas/carros-vans-e-utilitarios/fiorino-2018-2019-1-4-mpi-furgao-hard-working-8v-flex-2p-manual-662877994,"São José, 
										Campinas",R$ 31.900,FIORINO 2018/2019 1.4 MPI FURGÃO HARD WORKING 8V FLEX 2P MANUAL - 2019
https://img.olx.com.br/thumbs256x256/82/820021008524943.jpg,https://sc.olx.com.br/florianopolis-e-regiao/autos-e-pecas/carros-vans-e-utilitarios/punto-essence-dualogic-1-6-692009784,"São José, 
										Nossa Senhora do Rosário",R$ 105.900,Punto ESSENCE Dualogic 1.6  - 2014
https://img.olx.com.br/thumbs256x256/43/433913116479751.jpg,https://sc.olx.com.br/florianopolis-e-regiao/autos-e-pecas/carros-vans-e-utilitarios/toro-2016-2017-2-0-16v-turbo-diesel-volcano-4wd-automatico-694002917,"São José, 
										Fazenda Santo Antônio",R$ 59.900,TORO 2016/2017 2.0 16V TURBO DIESEL VOLCANO 4WD AUTOMÁTICO - 2017
https://img.olx.com.br/thumbs256x256/81/811020001099047.jpg,https://sc.olx.com.br/florianopolis-e-regiao/autos-e-pecas/carros-vans-e-utilitarios/fiat-dobl-2017-2018-1-8-mpi-essence-7l-16v-flex-4p-manual-662789653,"São José, 
										Campinas",R$ 29.790,FIAT DOBLÒ 2017/2018 1.8 MPI ESSENCE 7L 16V FLEX 4P MANUAL - 2018
"https://img.olx.com.br/thumbs256x256/78/782017007518778.jpg,783017007985771.jpg,783017000441001.jpg",https://(null).olx.com.br/(null)/(null)/siena-el-1-4-8v-flex-689029207,Kobrasol,R$ 35.900,Siena EL 1.4 8V (Flex)
"https://img.olx.com.br/thumbs256x256/81/817020009858480.jpg,812020008707226.jpg,811020009142467.jpg,811020008858906.jpg,811020000619148.jpg,814020000968389.jpg,812020007382225.jpg,818020004105704.jpg",https://sc.olx.com.br/florianopolis-e-regiao/autos-e-pecas/carros-vans-e-utilitarios/palio-weekend-adventure-locker-1-8-16v-706679289,"Palhoça, 
										Ponte do Imaruim",R$ 279.000,Palio Weekend Adventure LOCKER 1.8 16V - 2013
https://img.olx.com.br/thumbs256x256/80/809911094929477.jpg,https://sc.olx.com.br/florianopolis-e-regiao/autos-e-pecas/carros-vans-e-utilitarios/raridade-68-000km-palio-wk-1-4-elx-2010-708608950,"São José, 
										Campinas",R$ 32.900,Raridade 68.000km Palio Wk 1.4 ELX 2010 - 2010
https://img.olx.com.br/thumbs256x256/58/581928111013916.jpg,https://sc.olx.com.br/florianopolis-e-regiao/autos-e-pecas/carros-vans-e-utilitarios/grand-siena-attrac-1-4-8v-638861234,"Palhoça, 
										Caminho Novo",R$ 40.800,Grand Siena ATTRAC. 1.4 8V - 2013
https://img.olx.com.br/thumbs256x256/82/828021002634030.jpg,https://(null).olx.com.br/(null)/(null)/uno-way-1-0-8v-flex-4p-707187847,"São José, 
										Barreiros",R$ 23.890,Fiat Argo 2019 com 18.100 km - 2019
https://img.olx.com.br/thumbs256x256/57/576927115348818.jpg,https://(null).olx.com.br/(null)/(null)/strada-working-1-4-flex-679214326,Kobrasol,R$ 31.990,Uno Way 1.0 8V (Flex) 4p
https://img.olx.com.br/thumbs256x256/35/354905110488277.jpg,https://sc.olx.com.br/florianopolis-e-regiao/autos-e-pecas/carros-vans-e-utilitarios/fiat-palio-elx-1-3-ar-condicionado-e-direcao-hidraulica-2004-2005-673469983,Kobrasol,R$ 16.800,Strada Working 1.4 (Flex)
https://img.olx.com.br/thumbs256x256/43/430913111859564.jpg,https://sc.olx.com.br/florianopolis-e-regiao/autos-e-pecas/carros-vans-e-utilitarios/fiat-argo-2018-2019-1-0-firefly-flex-drive-manual-682106117,Santo Amaro da Imperatriz,R$ 41.900,Fiat Palio ELX 1.3 Ar Condicionado e Direção Hidráulica 2004/2005 - 2005
https://img.olx.com.br/thumbs256x256/82/820020006049631.jpg,https://sc.olx.com.br/florianopolis-e-regiao/autos-e-pecas/carros-vans-e-utilitarios/vendo-um-carro-palio-2004-duas-portas-708424541,"São José, 
										Barreiros",R$ 9.000,FIAT ARGO 2018/2019 1.0 FIREFLY FLEX DRIVE MANUAL - 2019
https://img.olx.com.br/thumbs256x256/25/253925105053084.jpg,https://sc.olx.com.br/florianopolis-e-regiao/autos-e-pecas/carros-vans-e-utilitarios/dobl-2018-2019-1-8-mpi-essence-7l-16v-flex-4p-manual-699662733,"Palhoça, 
										Guarda do Cubatão",R$ 73.080,Vendo um carro Palio 2004 duas portas - 2010
https://img.olx.com.br/thumbs256x256/58/589928110117076.jpg,https://sc.olx.com.br/florianopolis-e-regiao/autos-e-pecas/carros-vans-e-utilitarios/idea-1-4-completo-692760210,"São José, 
										Barreiros",R$ 17.900,DOBLÒ 2018/2019 1.8 MPI ESSENCE 7L 16V FLEX 4P MANUAL - 2019
https://img.olx.com.br/thumbs256x256/81/817020001412401.jpg,https://sc.olx.com.br/florianopolis-e-regiao/autos-e-pecas/carros-vans-e-utilitarios/punto-essence-1-6-16v-693323118,"São José, 
										Kobrasol",R$ 32.900,Idea 1.4 completo - 2007
"https://img.olx.com.br/thumbs256x256/79/790018004337947.jpg,792018003595331.jpg,791018008676841.jpg,796018008115389.jpg,790018000328924.jpg,798018004798044.jpg,795018009592070.jpg,793018002118650.jpg,795018001068751.jpg",https://sc.olx.com.br/florianopolis-e-regiao/autos-e-pecas/carros-vans-e-utilitarios/uno-mille-fire-2006-708273745,"Palhoça, 
										Caminho Novo",R$ 10.500,Punto ESSENCE 1.6 16V - 2013
https://img.olx.com.br/thumbs256x256/51/519912088386962.jpg,https://sc.olx.com.br/florianopolis-e-regiao/autos-e-pecas/carros-vans-e-utilitarios/fiat-toro-2017-2018-1-8-16v-evo-flex-freedom-automatico-688997794,"Palhoça, 
										Pachecos",R$ 74.900,Uno Mille fire 2006 - 2006
"https://img.olx.com.br/thumbs256x256/81/816020001137329.jpg,813020003732991.jpg,811020003631115.jpg,819020007400098.jpg",https://sc.olx.com.br/florianopolis-e-regiao/autos-e-pecas/carros-vans-e-utilitarios/fiat-toro-2018-2019-1-8-16v-evo-flex-freedom-at6-700017811,"São José, 
										Fazenda Santo Antônio",R$ 78.420,FIAT TORO 2017/2018 1.8 16V EVO FLEX FREEDOM AUTOMÁTICO - 2018
https://img.olx.com.br/thumbs256x256/81/817020006374289.jpg,https://sc.olx.com.br/florianopolis-e-regiao/autos-e-pecas/carros-vans-e-utilitarios/palio-fire-2008-708204120,"São José, 
										Barreiros",R$ 16.900,FIAT TORO 2018/2019 1.8 16V EVO FLEX FREEDOM AT6 - 2019
https://img.olx.com.br/thumbs256x256/51/513912088384510.jpg,https://(null).olx.com.br/(null)/(null)/idea-essence-1-6-16v-4p-flex-610435612,Rancho Queimado,R$ 37.490,Palio Fire 2008 - 2008
https://img.olx.com.br/thumbs256x256/81/811020003890954.jpg,https://sc.olx.com.br/florianopolis-e-regiao/autos-e-pecas/carros-vans-e-utilitarios/fiat-dobl-2018-2018-1-8-mpi-essence-7l-16v-flex-4p-manual-662797557,Kobrasol,R$ 65.480,Idea Essence 1.6 16V 4p (Flex)
https://img.olx.com.br/thumbs256x256/91/912922098875199.jpg,https://(null).olx.com.br/(null)/(null)/palio-attractive-1-0-evo-flex-708190586,"São José, 
										Campinas",R$ 33.900,FIAT DOBLÒ 2018/2018 1.8 MPI ESSENCE 7L 16V FLEX 4P MANUAL - 2018
https://img.olx.com.br/thumbs256x256/81/812020005591430.jpg,https://sc.olx.com.br/florianopolis-e-regiao/autos-e-pecas/carros-vans-e-utilitarios/fiat-uno-mille-93-708189294,Kobrasol,R$ 1.800,Palio Attractive 1.0 Evo (Flex)
https://img.olx.com.br/thumbs256x256/81/810020005628760.jpg,https://sc.olx.com.br/florianopolis-e-regiao/autos-e-pecas/carros-vans-e-utilitarios/fiat-dobl-2018-2018-1-8-mpi-essence-7l-16v-flex-4p-manual-662793341,"Palhoça, 
										Jardim Eldorado",R$ 65.280,Fiat uno Mille 93 - 1993
https://img.olx.com.br/thumbs256x256/81/816020003156764.jpg,https://sc.olx.com.br/florianopolis-e-regiao/autos-e-pecas/carros-vans-e-utilitarios/uno-94-mille-1-0-basico-repasse-708165946,"São José, 
										Campinas",R$ 4.300,FIAT DOBLÒ 2018/2018 1.8 MPI ESSENCE 7L 16V FLEX 4P MANUAL - 2018
https://img.olx.com.br/thumbs256x256/42/425912113427140.jpg,https://sc.olx.com.br/florianopolis-e-regiao/autos-e-pecas/carros-vans-e-utilitarios/linea-essence-1-8-677032618,"Palhoça, 
										Ponte do Imaruim",R$ 31.900,Uno 94 mille 1.0 básico repasse - 1994
https://img.olx.com.br/thumbs256x256/75/757014004772905.jpg,https://sc.olx.com.br/florianopolis-e-regiao/autos-e-pecas/carros-vans-e-utilitarios/vende-se-uno-2001-708109220,"Palhoça, 
										Ponte do Imaruim",R$ 6.500,LINEA ESSENCE 1.8  - 2012
https://img.olx.com.br/thumbs256x256/81/817020008537647.jpg,https://sc.olx.com.br/florianopolis-e-regiao/autos-e-pecas/carros-vans-e-utilitarios/palio-attractive-8v-flex-4p-manual-708105664,"Palhoça, 
										Praia de Fora",R$ 28.900,Vende-se uno 2001 - 2001
https://img.olx.com.br/thumbs256x256/51/517921110631017.jpg,https://sc.olx.com.br/florianopolis-e-regiao/autos-e-pecas/carros-vans-e-utilitarios/punto-elx-1-4-8v-708104031,"Palhoça, 
										Caminho Novo",R$ 23.900,Palio ATTRACTIVE 8V FLEX 4P MANUAL - 2013
https://img.olx.com.br/thumbs256x256/28/281928103285793.jpg,https://sc.olx.com.br/florianopolis-e-regiao/autos-e-pecas/carros-vans-e-utilitarios/palio-2013-2014-1-8-mpi-adventure-weekend-16v-flex-4p-manual-708056501,"Palhoça, 
										Caminho Novo",R$ 37.900,Punto  ELX 1.4 8V - 2009
https://img.olx.com.br/thumbs256x256/53/536923119298549.jpg,https://sc.olx.com.br/florianopolis-e-regiao/autos-e-pecas/carros-vans-e-utilitarios/toro-2017-2018-2-0-16v-turbo-diesel-volcano-4wd-automatico-693162640,"São José, 
										Barreiros",R$ 103.900,PALIO 2013/2014 1.8 MPI ADVENTURE WEEKEND 16V FLEX 4P MANUAL - 2014
https://img.olx.com.br/thumbs256x256/80/802019009298863.jpg,https://sc.olx.com.br/florianopolis-e-regiao/autos-e-pecas/carros-vans-e-utilitarios/palio-sporting-1-6-16v-641514829,"São José, 
										Praia Comprida",R$ 31.900,TORO 2017/2018 2.0 16V TURBO DIESEL VOLCANO 4WD AUTOMÁTICO - 2018
https://img.olx.com.br/thumbs256x256/51/517912087163163.jpg,https://sc.olx.com.br/florianopolis-e-regiao/autos-e-pecas/carros-vans-e-utilitarios/uno-vivace-celeb-1-0-8v-707922204,"Palhoça, 
										Caminho Novo",R$ 26.900,Palio SPORTING 1.6 16V - 2012
https://img.olx.com.br/thumbs256x256/77/777908092205637.jpg,https://sc.olx.com.br/florianopolis-e-regiao/autos-e-pecas/carros-vans-e-utilitarios/500-2011-2012-1-4-cult-8v-flex-2p-automatizado-698417537,"São José, 
										Campinas",R$ 32.900,UNO VIVACE Celeb. 1.0 8V - 2015
https://img.olx.com.br/thumbs256x256/80/805019000101979.jpg,https://sc.olx.com.br/florianopolis-e-regiao/autos-e-pecas/carros-vans-e-utilitarios/fiat-palio-weekend-hlx-690244485,"São José, 
										Barreiros",R$ 18.900,500 2011/2012 1.4 CULT 8V FLEX 2P AUTOMATIZADO - 2012
https://img.olx.com.br/thumbs256x256/80/800019007955595.jpg,https://sc.olx.com.br/florianopolis-e-regiao/autos-e-pecas/carros-vans-e-utilitarios/palio-1-0-completo-2010-698916818,"Palhoça, 
										Alto Aririú",R$ 18.900,Fiat Palio Weekend HLX - 2006
"https://img.olx.com.br/thumbs256x256/74/743013003852029.jpg,749013007374781.jpg,746013007974176.jpg,740013009786490.jpg,741013004733851.jpg,742013005328710.jpg,744013007426853.jpg,744013000199664.jpg,742013003257170.jpg",https://sc.olx.com.br/florianopolis-e-regiao/autos-e-pecas/carros-vans-e-utilitarios/fiat-uno-evo-2015-707785795,"São José, 
										Nossa Senhora do Rosário",R$ 32.000,Palio 1.0 Completo 2010 - 2010
"https://img.olx.com.br/thumbs256x256/49/499919114507990.jpg,493919118623854.jpg,499919118194283.jpg,490919116208222.jpg,494919111748174.jpg,495919115670492.jpg,496919117318131.jpg,492919113254860.jpg,497919115841450.jpg",https://sc.olx.com.br/florianopolis-e-regiao/autos-e-pecas/carros-vans-e-utilitarios/vendo-palio-707767564,"Palhoça, 
										Pagani",R$ 5.500,Fiat uno evo. 2015 - 2015
https://img.olx.com.br/thumbs256x256/80/802019004861370.jpg,https://sc.olx.com.br/florianopolis-e-regiao/autos-e-pecas/carros-vans-e-utilitarios/fiat-toro-2018-2019-1-8-16v-evo-flex-endurance-at6-662810720,"Palhoça, 
										Ponte do Imaruim",R$ 74.900,Vendo Palio - 1999
https://img.olx.com.br/thumbs256x256/16/165908037944416.jpg,https://sc.olx.com.br/florianopolis-e-regiao/autos-e-pecas/carros-vans-e-utilitarios/fiat-dobl-2017-2017-1-8-mpi-essence-7l-16v-flex-4p-manual-672230913,"São José, 
										Campinas",R$ 52.900,FIAT TORO 2018/2019 1.8 16V EVO FLEX ENDURANCE AT6 - 2019
https://img.olx.com.br/thumbs256x256/36/367906110904282.jpg,https://sc.olx.com.br/florianopolis-e-regiao/autos-e-pecas/carros-vans-e-utilitarios/fiat-dobl-2017-2018-1-8-mpi-essence-16v-flex-4p-manual-654042305,"São José, 
										Campinas",R$ 56.900,FIAT DOBLÒ 2017/2018 1.8 MPI ESSENCE 16V FLEX 4P MANUAL - 2018
https://img.olx.com.br/thumbs256x256/80/803018005780306.jpg,https://sc.olx.com.br/florianopolis-e-regiao/autos-e-pecas/carros-vans-e-utilitarios/palio-fire-707607229,"Palhoça, 
										São Sebastião",R$ 11.500,Palio fire - 2008
https://img.olx.com.br/thumbs256x256/80/804018003965448.jpg,https://sc.olx.com.br/florianopolis-e-regiao/autos-e-pecas/carros-vans-e-utilitarios/fiat-uno-2017-2017-1-3-firefly-flex-sporting-4p-dualogic-649384210,"São José, 
										Jardim Cidade de Florianópolis",R$ 44.900,FIAT UNO 2017/2017 1.3 FIREFLY FLEX SPORTING 4P DUALOGIC - 2017
"https://img.olx.com.br/thumbs256x256/77/774016004679355.jpg,773016006156036.jpg,770016003549647.jpg,777016001441298.jpg,778016001816529.jpg,775016006940518.jpg,779016000339848.jpg,771016002072966.jpg",https://sc.olx.com.br/florianopolis-e-regiao/autos-e-pecas/carros-vans-e-utilitarios/fiat-argo-2018-2019-1-0-firefly-flex-drive-manual-682106218,"São José, 
										Barreiros",R$ 41.900,FIAT ARGO 2018/2019 1.0 FIREFLY FLEX DRIVE MANUAL - 2019
https://img.olx.com.br/thumbs256x256/58/580911019525021.jpg,https://sc.olx.com.br/florianopolis-e-regiao/autos-e-pecas/carros-vans-e-utilitarios/palio-2008-707591768,"Palhoça, 
										Aririú",R$ 15.700,Palio 2008 - 2008
https://img.olx.com.br/thumbs256x256/79/795018007703134.jpg,https://sc.olx.com.br/florianopolis-e-regiao/autos-e-pecas/carros-vans-e-utilitarios/strada-working-1-4-completa-2016-693262327,"São José, 
										Nossa Senhora do Rosário",R$ 36.900,Strada Working 1.4 Completa 2016 - 2016
https://img.olx.com.br/thumbs256x256/42/420912118579147.jpg,https://sc.olx.com.br/florianopolis-e-regiao/autos-e-pecas/carros-vans-e-utilitarios/vendo-palio-weekend-1-4-707566632,"São José, 
										Colônia Santana",R$ 21.000,Vendo Palio Weekend 1.4 - 2010
https://img.olx.com.br/thumbs256x256/68/689007004113721.jpg,https://sc.olx.com.br/florianopolis-e-regiao/autos-e-pecas/carros-vans-e-utilitarios/fiat-idea-adventure-locker-707557359,Antônio Carlos,R$ 23.900,Fiat Idea Adventure Locker - 2010
"https://img.olx.com.br/thumbs256x256/79/797018009559950.jpg,792018008767530.jpg,791018007443663.jpg,792018003044759.jpg,796018001547145.jpg,792018000244211.jpg,793018006393764.jpg,794018004917083.jpg",https://(null).olx.com.br/(null)/(null)/uno-vivace-1-0-8v-flex-2p-667053424,Kobrasol,R$ 19.900,Uno Vivace 1.0 8V (Flex) 2p
https://img.olx.com.br/thumbs256x256/00/006931094019027.jpg,https://sc.olx.com.br/florianopolis-e-regiao/autos-e-pecas/carros-vans-e-utilitarios/bravo-essence-1-8-16v-627535669,"São José, 
										Campinas",R$ 45.900,Bravo ESSENCE 1.8 16V - 2016
https://img.olx.com.br/thumbs256x256/79/796018000125050.jpg,https://pr.olx.com.br/regiao-de-curitiba-e-paranagua/autos-e-pecas/carros-vans-e-utilitarios/uno-99-1-0-8v-707538028,"Biguaçu, 
										Jardim Janaína",R$ 5.000,Uno 99 1.0 8v - 1999
https://img.olx.com.br/thumbs256x256/79/794018001650309.jpg,https://sc.olx.com.br/florianopolis-e-regiao/autos-e-pecas/carros-vans-e-utilitarios/idea-elx-1-4-8v-695546719,"São José, 
										Roçado",R$ 19.900,Idea ELX 1.4 8V - 2007
https://img.olx.com.br/thumbs256x256/43/439913114771581.jpg,https://sc.olx.com.br/florianopolis-e-regiao/autos-e-pecas/carros-vans-e-utilitarios/palio-2007-2008-1-0-mpi-fire-8v-flex-4p-manual-692323291,"São José, 
										Campinas",R$ 19.900,PALIO 2007/2008 1.0 MPI FIRE 8V FLEX 4P MANUAL - 2008
https://img.olx.com.br/thumbs256x256/71/713902093734080.jpg,https://(null).olx.com.br/(null)/(null)/uno-vivace-1-0-8v-flex-2p-640640080,Kobrasol,R$ 19.900,Uno Vivace 1.0 8V (Flex) 2p
https://img.olx.com.br/thumbs256x256/79/796018005747047.jpg,https://sc.olx.com.br/florianopolis-e-regiao/autos-e-pecas/carros-vans-e-utilitarios/fiat-argo-2017-2018-1-8-e-torq-flex-hgt-at6-680249821,"São José, 
										Barreiros",R$ 62.490,FIAT ARGO 2017/2018 1.8 E.TORQ FLEX HGT AT6 - 2018
https://img.olx.com.br/thumbs256x256/79/797018007135889.jpg,https://sc.olx.com.br/florianopolis-e-regiao/autos-e-pecas/carros-vans-e-utilitarios/fiat-500-cult-707411351,"São José, 
										Barreiros",R$ 32.000,Fiat 500 cult - 2012
https://img.olx.com.br/thumbs256x256/53/537923116302003.jpg,https://sc.olx.com.br/florianopolis-e-regiao/autos-e-pecas/carros-vans-e-utilitarios/toro-2017-2018-2-0-16v-turbo-diesel-volcano-4wd-automatico-707401910,"São José, 
										Kobrasol",R$ 108.900,TORO 2017/2018 2.0 16V TURBO DIESEL VOLCANO 4WD AUTOMÁTICO - 2018
https://img.olx.com.br/thumbs256x256/72/725903097255431.jpg,https://sc.olx.com.br/florianopolis-e-regiao/autos-e-pecas/carros-vans-e-utilitarios/palio-essence-1-6-16v-654504500,"Palhoça, 
										Caminho Novo",R$ 31.900,Palio ESSENCE 1.6 16V - 2014
"https://img.olx.com.br/thumbs256x256/49/492919118621862.jpg,493919117145181.jpg,498919119477081.jpg,492919113309476.jpg,494919110356114.jpg,494919118879433.jpg,496919115243465.jpg,499919116547533.jpg,498919112290103.jpg",https://sc.olx.com.br/florianopolis-e-regiao/autos-e-pecas/carros-vans-e-utilitarios/fiat-idea-adventure-1-8-completa-2013-2014-670166065,Santo Amaro da Imperatriz,R$ 37.000,Fiat Idea Adventure 1.8 Completa 2013/2014 - 2014
https://img.olx.com.br/thumbs256x256/46/464916111223993.jpg,https://sc.olx.com.br/florianopolis-e-regiao/autos-e-pecas/carros-vans-e-utilitarios/vende-se-palio-ex-707337696,"Palhoça, 
										Aririú",R$ 5.500,Vende se Palio EX - 2000
https://img.olx.com.br/thumbs256x256/58/580928116882176.jpg,https://sc.olx.com.br/florianopolis-e-regiao/autos-e-pecas/carros-vans-e-utilitarios/uno-ep-95-707331000,"São José, 
										Nossa Senhora do Rosário",R$ 3.000,Uno EP 95 - 1995
https://img.olx.com.br/thumbs256x256/78/788017004542856.jpg,https://sc.olx.com.br/florianopolis-e-regiao/autos-e-pecas/carros-vans-e-utilitarios/toro-freedom-1-8-16v-698911118,"São José, 
										Roçado",R$ 89.900,Toro Freedom 1.8 16V - 2020
https://img.olx.com.br/thumbs256x256/43/434913113035674.jpg,https://sc.olx.com.br/florianopolis-e-regiao/autos-e-pecas/carros-vans-e-utilitarios/fiat-argo-2018-2019-1-0-firefly-flex-manual-662796487,"São José, 
										Campinas",R$ 40.900,FIAT ARGO 2018/2019 1.0 FIREFLY FLEX MANUAL - 2019
https://img.olx.com.br/thumbs256x256/30/305922032639626.jpg,https://(null).olx.com.br/(null)/(null)/palio-4p-fire-1-0-8v-flex-682832200,Kobrasol,R$ 25.900,Palio 4p Fire 1.0 8V (Flex)
https://img.olx.com.br/thumbs256x256/78/786017001835850.jpg,https://sc.olx.com.br/florianopolis-e-regiao/autos-e-pecas/carros-vans-e-utilitarios/palio-2017-2017-1-8-mpi-adventure-weekend-16v-flex-4p-manual-692886672,"São José, 
										Praia Comprida",R$ 49.990,PALIO 2017/2017 1.8 MPI ADVENTURE WEEKEND 16V FLEX 4P MANUAL - 2017
https://img.olx.com.br/thumbs256x256/13/131913108838080.jpg,https://sc.olx.com.br/florianopolis-e-regiao/autos-e-pecas/carros-vans-e-utilitarios/punto-essence-dualogic-aut-1-6-697842761,"São José, 
										Kobrasol",R$ 28.900,Punto ESSENCE Dualogic Aut 1.6  - 2012
https://img.olx.com.br/thumbs256x256/52/520913088652783.jpg,https://sc.olx.com.br/florianopolis-e-regiao/autos-e-pecas/carros-vans-e-utilitarios/siena-2010-2010-1-0-mpi-el-celebration-8v-flex-4p-manual-707170910,"São José, 
										Campinas",R$ 19.900,SIENA 2010/2010 1.0 MPI EL CELEBRATION 8V FLEX 4P MANUAL - 2010
https://img.olx.com.br/thumbs256x256/78/782017008810984.jpg,https://sc.olx.com.br/florianopolis-e-regiao/autos-e-pecas/carros-vans-e-utilitarios/palio-1-0-8v-688505348,"Palhoça, 
										Caminho Novo",R$ 18.900,Palio 1.0 8V - 2010
https://img.olx.com.br/thumbs256x256/94/947925096318074.jpg,https://sc.olx.com.br/florianopolis-e-regiao/autos-e-pecas/carros-vans-e-utilitarios/fiat-siena-1-4-tetrafuel-completo-654881442,Santo Amaro da Imperatriz,R$ 18.900,Fiat Siena 1.4 Tetrafuel Completo - 2009
https://img.olx.com.br/thumbs256x256/76/763015009250433.jpg,https://sc.olx.com.br/florianopolis-e-regiao/autos-e-pecas/carros-vans-e-utilitarios/vendo-palio-707124923,Santo Amaro da Imperatriz,R$ 6.500,Vendo palio - 2001
https://img.olx.com.br/thumbs256x256/78/789017009106466.jpg,https://sc.olx.com.br/florianopolis-e-regiao/autos-e-pecas/carros-vans-e-utilitarios/doblo-adventure-1-8-no-gnv-684953348,"São José, 
										Kobrasol",R$ 29.900,Doblo Adventure 1.8 no GNV - 2009
https://img.olx.com.br/thumbs256x256/78/785017000884790.jpg,https://sc.olx.com.br/florianopolis-e-regiao/autos-e-pecas/carros-vans-e-utilitarios/palio-elx-1-4-660397303,"Palhoça, 
										Aririú",R$ 18.900,Palio ELX 1.4 - 2008
https://img.olx.com.br/thumbs256x256/58/585928113451094.jpg,https://sc.olx.com.br/florianopolis-e-regiao/autos-e-pecas/carros-vans-e-utilitarios/marea-weekend-2-4-20v-2002-707077152,"Biguaçu, 
										Fundos",R$ 9.000,Marea weekend 2.4 20v 2002 - 2002
https://img.olx.com.br/thumbs256x256/67/676006009096166.jpg,https://sc.olx.com.br/florianopolis-e-regiao/autos-e-pecas/carros-vans-e-utilitarios/palio-attractive-1-4-2012-675904792,"São José, 
										Kobrasol",R$ 28.800,Palio Attractive 1.4 - 2012 - 2012
https://img.olx.com.br/thumbs256x256/53/530914085054216.jpg,https://sc.olx.com.br/florianopolis-e-regiao/autos-e-pecas/carros-vans-e-utilitarios/vendo-ou-troco-por-fiorino-acima-de-2006-com-ar-condicionado-707009648,"Palhoça, 
										Aririú",R$ 15.500,Vendo ou troco por Fiorino acima de 2006 com ar condicionado - 2005
https://img.olx.com.br/thumbs256x256/69/698008008071661.jpg,https://sc.olx.com.br/florianopolis-e-regiao/autos-e-pecas/carros-vans-e-utilitarios/palio-2014-2014-1-4-mpi-attractive-weekend-8v-flex-4p-manual-707003196,"São José, 
										Campinas",R$ 32.900,PALIO 2014/2014 1.4 MPI ATTRACTIVE WEEKEND 8V FLEX 4P MANUAL - 2014
"https://img.olx.com.br/thumbs256x256/33/330903111140215.jpg,335903112280129.jpg,332903114042639.jpg,330903113865490.jpg,330903119721276.jpg,335903111892424.jpg,334903117569927.jpg,338903116327003.jpg",https://sc.olx.com.br/florianopolis-e-regiao/autos-e-pecas/carros-vans-e-utilitarios/vendo-palio-wekeend-706968109,"Palhoça, 
										Bela Vista",R$ 12.000,Vendo Pálio wekeend - 2006
https://img.olx.com.br/thumbs256x256/28/284920036976412.jpg,https://sc.olx.com.br/florianopolis-e-regiao/autos-e-pecas/carros-vans-e-utilitarios/fiat-argo-2018-2019-1-0-firefly-flex-drive-manual-673302637,"São José, 
										Barreiros",R$ 41.900,FIAT ARGO 2018/2019 1.0 FIREFLY FLEX DRIVE MANUAL - 2019
"https://img.olx.com.br/thumbs256x256/82/820021000003642.jpg,820021006368808.jpg,825021009274021.jpg,820021008526961.jpg,827021006697024.jpg,826021007797340.jpg,828021003009597.jpg,829021001532916.jpg",https://sc.olx.com.br/florianopolis-e-regiao/autos-e-pecas/carros-vans-e-utilitarios/fiat-siena-2009-2009-1-4-mpi-elx-8v-flex-4p-manual-702731711,"São José, 
										Fazenda Santo Antônio",R$ 21.900,FIAT SIENA 2009/2009 1.4 MPI ELX 8V FLEX 4P MANUAL - 2009
https://img.olx.com.br/thumbs256x256/58/588928115264542.jpg,https://sc.olx.com.br/florianopolis-e-regiao/autos-e-pecas/carros-vans-e-utilitarios/palio-weekend-adventure-locker-1-8-4p-1-8-609569097,"São José, 
										Kobrasol",R$ 42.900,Palio Weekend Adventure Locker 1.8 4p 1.8  - 2015
https://img.olx.com.br/thumbs256x256/33/331925033435115.jpg,https://sc.olx.com.br/florianopolis-e-regiao/autos-e-pecas/carros-vans-e-utilitarios/fiat-siena-2010-2010-1-0-mpi-el-8v-flex-4p-manual-703510679,"São José, 
										Praia Comprida",R$ 21.900,FIAT SIENA 2010/2010 1.0 MPI EL 8V FLEX 4P MANUAL - 2010
https://img.olx.com.br/thumbs256x256/06/068906106970124.jpg,https://(null).olx.com.br/(null)/(null)/punto-attractive-1-4-flex-688309467,Kobrasol,R$ 27.900,Punto Attractive 1.4 (Flex)
"https://img.olx.com.br/thumbs256x256/67/678006002995067.jpg,673006003486395.jpg,679006006610102.jpg,674006002009714.jpg,678006009655134.jpg,670006006701772.jpg,670006005133421.jpg,677006008747843.jpg,677006000224524.jpg",https://sc.olx.com.br/florianopolis-e-regiao/autos-e-pecas/carros-vans-e-utilitarios/palio-weekend-adventure-1-8-locker-654031137,"São José, 
										Fazenda Santo Antônio",R$ 33.900,Palio Weekend Adventure 1.8 Locker - 2012
https://img.olx.com.br/thumbs256x256/20/207920104317411.jpg,https://(null).olx.com.br/(null)/(null)/punto-essence-1-6-16v-flex-704037215,Kobrasol,R$ 31.890,Punto Essence 1.6 16V (Flex)
https://img.olx.com.br/thumbs256x256/71/710902091624196.jpg,https://sc.olx.com.br/florianopolis-e-regiao/autos-e-pecas/carros-vans-e-utilitarios/fiat-argo-2019-2019-1-0-firefly-flex-drive-manual-676166541,"São José, 
										Barreiros",R$ 41.900,FIAT ARGO 2019/2019 1.0 FIREFLY FLEX DRIVE MANUAL - 2019
https://img.olx.com.br/thumbs256x256/14/140914106055963.jpg,https://sc.olx.com.br/florianopolis-e-regiao/autos-e-pecas/carros-vans-e-utilitarios/idea-elx-1-4-whats-706671807,Santo Amaro da Imperatriz,R$ 20.000,Idea elx 1.4 whats * - 2008
https://img.olx.com.br/thumbs256x256/15/152907035312755.jpg,https://(null).olx.com.br/brasil/(null)/strada-adventure-1-8-16v-cabine-dupla-690012271,Kobrasol,R$ 34.900,Strada Adventure 1.8 16V (Cabine Dupla)
https://img.olx.com.br/thumbs256x256/42/424903086595129.jpg,https://(null).olx.com.br/brasil/(null)/palio-fire-1-0-8v-economy-flex-2p-706638426,Kobrasol,R$ 18.900,Palio Fire 1.0 8V Economy (Flex) 2p
https://img.olx.com.br/thumbs256x256/82/823021001125172.jpg,https://sc.olx.com.br/florianopolis-e-regiao/autos-e-pecas/carros-vans-e-utilitarios/uno-economy-1-0-2010-706623472,Santo Amaro da Imperatriz,R$ 10.000,Uno Economy 1.0 2010 - 2010
https://img.olx.com.br/thumbs256x256/46/460916116784331.jpg,https://sc.olx.com.br/florianopolis-e-regiao/autos-e-pecas/carros-vans-e-utilitarios/linea-absoluto-automatico-2010-carro-super-inteiro-706519334,Águas Mornas,R$ 24.300,LÍNEA absoluto automático 2010 carro super inteiro - 2010
https://img.olx.com.br/thumbs256x256/70/706009000777297.jpg,https://sc.olx.com.br/florianopolis-e-regiao/autos-e-pecas/carros-vans-e-utilitarios/palio-week-adv-dualogic-1-8-8v-685415011,"São José, 
										Campinas",R$ 46.900,Palio Week. Adv. Dualogic 1.8 8V - 2016
"https://img.olx.com.br/thumbs256x256/74/749013009308096.jpg,748013005837416.jpg,746013001355301.jpg,742013003686067.jpg,747013007314097.jpg,741013005162748.jpg,743013004309797.jpg,749013000784777.jpg,749013004256591.jpg",https://sc.olx.com.br/florianopolis-e-regiao/autos-e-pecas/carros-vans-e-utilitarios/mobi-easy-on-1-0-648880695,"Palhoça, 
										Aririú",R$ 30.900,Mobi easy on 1.0 - 2017
https://img.olx.com.br/thumbs256x256/76/760015004447032.jpg,https://sc.olx.com.br/florianopolis-e-regiao/autos-e-pecas/carros-vans-e-utilitarios/fiat-freemont-2013-2014-2-4-precision-16v-gasolina-4p-automatico-659229023,"São José, 
										Kobrasol",R$ 67.900,FIAT FREEMONT 2013/2014 2.4 PRECISION 16V GASOLINA 4P AUTOMÁTICO - 2014
https://img.olx.com.br/thumbs256x256/76/767015007221867.jpg,https://sc.olx.com.br/florianopolis-e-regiao/autos-e-pecas/carros-vans-e-utilitarios/fiat-palio-weekend-adventure-2007-completa-702900680,"São José, 
										Serraria",R$ 19.200,Fiat Palio weekend adventure 2007 completa - 2007
https://img.olx.com.br/thumbs256x256/39/398909111378960.jpg,https://sc.olx.com.br/florianopolis-e-regiao/autos-e-pecas/carros-vans-e-utilitarios/idea-attractive-1-4-8v-697092038,"Palhoça, 
										Caminho Novo",R$ 30.900,Idea ATTRACTIVE 1.4 8V - 2013
https://img.olx.com.br/thumbs256x256/58/586928119847677.jpg,https://sc.olx.com.br/florianopolis-e-regiao/autos-e-pecas/carros-vans-e-utilitarios/palio-2014-2015-1-0-mpi-attractive-8v-flex-4p-manual-703803911,"São José, 
										Fazenda Santo Antônio",R$ 26.900,PALIO 2014/2015 1.0 MPI ATTRACTIVE 8V FLEX 4P MANUAL - 2015
https://img.olx.com.br/thumbs256x256/76/762015000437886.jpg,https://(null).olx.com.br/brasil/(null)/palio-fire-1-0-8v-flex-4p-679894237,Kobrasol,R$ 24.890,Palio Fire 1.0 8V (Flex) 4p
https://img.olx.com.br/thumbs256x256/33/339903115023553.jpg,https://sc.olx.com.br/florianopolis-e-regiao/autos-e-pecas/carros-vans-e-utilitarios/palio-ano-97-706390225,"Palhoça, 
										Centro",R$ 6.000,Palio ano 97 - 1997
https://img.olx.com.br/thumbs256x256/64/641003000130961.jpg,https://sc.olx.com.br/florianopolis-e-regiao/autos-e-pecas/carros-vans-e-utilitarios/toro-2018-2018-1-8-16v-evo-flex-freedom-automatico-706345852,"Palhoça, 
										Ponte do Imaruim",R$ 75.900,TORO 2018/2018 1.8 16V EVO FLEX FREEDOM AUTOMÁTICO - 2018
https://img.olx.com.br/thumbs256x256/51/517912086000109.jpg,https://sc.olx.com.br/florianopolis-e-regiao/autos-e-pecas/carros-vans-e-utilitarios/fiat-mobi-2017-2017-1-0-8v-evo-flex-like-manual-694253611,"São José, 
										Jardim Cidade de Florianópolis",R$ 31.900,FIAT MOBI 2017/2017 1.0 8V EVO FLEX LIKE. MANUAL - 2017
https://img.olx.com.br/thumbs256x256/43/434913112873788.jpg,https://sc.olx.com.br/florianopolis-e-regiao/autos-e-pecas/carros-vans-e-utilitarios/linea-2015-2016-1-8-essence-16v-flex-4p-automatizado-700153194,"São José, 
										Kobrasol",R$ 43.900,LINEA 2015/2016 1.8 ESSENCE 16V FLEX 4P AUTOMATIZADO - 2016
"https://img.olx.com.br/thumbs256x256/35/358905116719816.jpg,351905119053984.jpg,356905111670579.jpg,357905116483791.jpg,350905114287174.jpg,357905115661979.jpg,353905117859730.jpg,350905117608442.jpg",https://sc.olx.com.br/florianopolis-e-regiao/autos-e-pecas/carros-vans-e-utilitarios/repasse-uno-2012-706257032,"Palhoça, 
										Rio Grande",R$ 11.999,Repasse uno 2012 - 2012
"https://img.olx.com.br/thumbs256x256/49/493919111052541.jpg,498919114576427.jpg,490919116958131.jpg,493919112528088.jpg,494919119574726.jpg,497919119808483.jpg,495919116622498.jpg,493919115716341.jpg",https://sc.olx.com.br/florianopolis-e-regiao/autos-e-pecas/carros-vans-e-utilitarios/baixei-pra-vender-palio-sporting-671414256,"São José, 
										Forquilhinha",R$ 28.000,Baixei pra vender Palio sporting - 2015
https://img.olx.com.br/thumbs256x256/61/61279,https://sc.olx.com.br/florianopolis-e-regiao/autos-e-pecas/carros-vans-e-utilitarios/fiat-argo-drive-1-0-6v-firefly-flex-preto-2018-2019-701056853,"São José, 
										Picadas do Sul",R$ 44.900,FIAT ARGO DRIVE 1.0 6V FIREFLY FLEX Preto 2018/2019 - 2018
https://img.olx.com.br/thumbs256x256/76/767014006235343.jpg,https://sc.olx.com.br/florianopolis-e-regiao/autos-e-pecas/carros-vans-e-utilitarios/fiat-dobl-2018-2018-1-8-mpi-essence-7l-16v-flex-4p-manual-662795894,"São José, 
										Campinas",R$ 65.350,FIAT DOBLÒ 2018/2018 1.8 MPI ESSENCE 7L 16V FLEX 4P MANUAL - 2018
https://img.olx.com.br/thumbs256x256/75/750014001684296.jpg,https://sc.olx.com.br/florianopolis-e-regiao/autos-e-pecas/carros-vans-e-utilitarios/grand-siena-attrac-1-4-8v-670522346,"Palhoça, 
										Caminho Novo",R$ 33.900,Grand Siena ATTRAC. 1.4 8V - 2013
https://img.olx.com.br/thumbs256x256/75/756014007307459.jpg,https://(null).olx.com.br/brasil/(null)/siena-4p-fire-flex-1-0-8v-flex-609559273,Kobrasol,R$ 16.900,Siena 4p Fire Flex 1.0 8V (Flex)
"https://img.olx.com.br/thumbs256x256/19/196919107599592.jpg,196919108802918.jpg,191919109798477.jpg,197919101875687.jpg,198919105849556.jpg,198919108922325.jpg,197919100938391.jpg,193919105786144.jpg,190919102896194.jpg",https://(null).olx.com.br/brasil/(null)/argo-drive-1-0-hatch-4p-flex-679417463,Kobrasol,R$ 42.790,Argo Drive 1.0 Hatch 4p (Flex)
https://img.olx.com.br/thumbs256x256/75/751014007775187.jpg,https://(null).olx.com.br/(null)/(null)/bravo-essence-1-8-16v-dualogic-flex-666820403,"3, 
										Kobrasol",R$ 41.790,Bravo Essence 1.8 16V Dualogic (Flex)
"https://img.olx.com.br/thumbs256x256/75/751014006064687.jpg,759014001437175.jpg,755014004769170.jpg,753014002856635.jpg,753014007677172.jpg,756014003292489.jpg,755014001233423.jpg",https://sc.olx.com.br/florianopolis-e-regiao/autos-e-pecas/carros-vans-e-utilitarios/vendo-palio-completo-706003958,"São José, 
										Forquilhas",R$ 6.900,Vendo!!! Palio completo - 1997
https://img.olx.com.br/thumbs256x256/24/244916039703721.jpg,https://sc.olx.com.br/florianopolis-e-regiao/autos-e-pecas/carros-vans-e-utilitarios/palio-fire-2004-705913925,"Biguaçu, 
										Fundos",R$ 3.500,Palio fire 2004 - 2004
https://img.olx.com.br/thumbs256x256/71/715902092631095.jpg,https://sc.olx.com.br/florianopolis-e-regiao/autos-e-pecas/carros-vans-e-utilitarios/palio-weekend-completa-impecavel-confira-705909875,Palhoça,R$ 11.500,Palio weekend completa impecável Confira - 2002
https://img.olx.com.br/thumbs256x256/75/758014003130480.jpg,https://(null).olx.com.br/brasil/(null)/uno-sporting-1-4-8v-flex-4p-680545681,Kobrasol,R$ 30.490,Uno Sporting 1.4 8V (Flex) 4p
https://img.olx.com.br/thumbs256x256/77/775016006084930.jpg,https://sc.olx.com.br/florianopolis-e-regiao/autos-e-pecas/carros-vans-e-utilitarios/uno-2017-2017-1-3-firefly-flex-sporting-4p-manual-705883264,"São José, 
										Campinas",R$ 41.900,UNO 2017/2017 1.3 FIREFLY FLEX SPORTING 4P MANUAL - 2017
https://img.olx.com.br/thumbs256x256/20/206920105480003.jpg,https://(null).olx.com.br/brasil/(null)/strada-working-1-4-flex-705881412,Kobrasol,R$ 33.590,Strada Working 1.4 (Flex)
https://img.olx.com.br/thumbs256x256/21/215921102275551.jpg,https://sc.olx.com.br/florianopolis-e-regiao/autos-e-pecas/carros-vans-e-utilitarios/palio-baixa-entrada-score-baixo-652541530,"São José, 
										Barreiros",R$ 6.789,Palio Baixa Entrada Score Baixo - 2011
"https://img.olx.com.br/thumbs256x256/22/225922108508449.jpg,227922106851217.jpg,228922108244166.jpg,228922106745939.jpg,229922103897855.jpg,221922101881789.jpg,222922100405108.jpg,221922109467812.jpg,227922105555087.jpg",https://sc.olx.com.br/florianopolis-e-regiao/autos-e-pecas/carros-vans-e-utilitarios/fiat-argo-2018-2019-1-0-firefly-flex-drive-manual-653936965,"São José, 
										Campinas",R$ 40.900,FIAT ARGO 2018/2019 1.0 FIREFLY FLEX DRIVE MANUAL - 2019
https://img.olx.com.br/thumbs256x256/75/755014009473852.jpg,https://sc.olx.com.br/florianopolis-e-regiao/autos-e-pecas/carros-vans-e-utilitarios/uno-mille-economy-2009-705821649,"Guaporanga, Biguaçu, 
										Cachoeiras (Guaporanga)",R$ 12.500,Uno Mille Economy 2009 - 2009
"https://img.olx.com.br/thumbs256x256/77/777016009520456.jpg,777016009960754.jpg,775016001444852.jpg,775016009968171.jpg,773016008952721.jpg,774016007476040.jpg,773016009478590.jpg,773016000955271.jpg",https://sc.olx.com.br/florianopolis-e-regiao/autos-e-pecas/carros-vans-e-utilitarios/fiorino-furgao-work-hard-1-4-675528599,"São José, 
										Kobrasol",R$ 50.900,Fiorino Furgão Work. HARD 1.4  - 2018
https://img.olx.com.br/thumbs256x256/78/782017006210017.jpg,https://sc.olx.com.br/florianopolis-e-regiao/autos-e-pecas/carros-vans-e-utilitarios/fiat-argo-2018-2018-1-0-firefly-flex-drive-manual-655324779,"São José, 
										Barreiros",R$ 41.900,FIAT ARGO 2018/2018 1.0 FIREFLY FLEX DRIVE MANUAL - 2018
https://img.olx.com.br/thumbs256x256/74/740013006161558.jpg,https://sc.olx.com.br/florianopolis-e-regiao/autos-e-pecas/carros-vans-e-utilitarios/idea-hlx-1-8-8v-687965633,"São José, 
										Roçado",R$ 19.900,Idea HLX 1.8 8V - 2007
"https://img.olx.com.br/thumbs256x256/49/491919113537105.jpg,490919111674987.jpg,492919112060424.jpg,495919113098462.jpg,494919117630381.jpg,496919111338220.jpg,498919119019928.jpg,493919117793401.jpg,496919119201613.jpg",https://(null).olx.com.br/brasil/(null)/strada-hard-working-1-4-flex-cabine-simples-687500947,Kobrasol,R$ 45.790,Strada Hard Working 1.4 (Flex) (Cabine Simples)
"https://img.olx.com.br/thumbs256x256/35/351905117524802.jpg,355905111618078.jpg,350905117138231.jpg,350905113278712.jpg,351905111802031.jpg,352905110325350.jpg,359905115276113.jpg,353905117371988.jpg,352905112842337.jpg",https://sc.olx.com.br/florianopolis-e-regiao/autos-e-pecas/carros-vans-e-utilitarios/fiat-palio-completo-ano-2007-705677955,"Palhoça, 
										Ponte do Imaruim",R$ 15.000,Fiat palio completo ano 2007 - 2008
"https://img.olx.com.br/thumbs256x256/77/773016005514927.jpg,777016009780295.jpg,778016006128972.jpg,776016009082334.jpg,773016008957870.jpg,772016006991608.jpg,775016008950453.jpg,777016007605653.jpg",https://(null).olx.com.br/brasil/(null)/idea-adventure-1-8-16v-flex-699724248,Kobrasol,R$ 32.890,Idea Adventure 1.8 16V (Flex)
https://img.olx.com.br/thumbs256x256/75/755013007678147.jpg,https://sc.olx.com.br/florianopolis-e-regiao/autos-e-pecas/carros-vans-e-utilitarios/alugo-para-uber-e-aplicativo-705604082,"Palhoça, 
										Centro",R$ 2.000,Alugo Para Uber e Aplicativo - 2014
https://img.olx.com.br/thumbs256x256/75/756013002031599.jpg,https://sc.olx.com.br/florianopolis-e-regiao/autos-e-pecas/carros-vans-e-utilitarios/vendo-palio-batido-motor-fire-705589819,"São José, 
										Colônia Santana",R$ 39.790,Vendo Palio batido motor fire - 2002
https://img.olx.com.br/thumbs256x256/74/748013000861189.jpg,https://(null).olx.com.br/brasil/(null)/punto-essence-sp-1-6-16v-flex-4p-680558612,Kobrasol,R$ 24.900,Punto Essence SP 1.6 16V (Flex) 4p
"https://img.olx.com.br/thumbs256x256/74/743013008685990.jpg,741013009538941.jpg,741013008451099.jpg,747013000782999.jpg,743013000162671.jpg,747013009306318.jpg,740013009927780.jpg,743013003009621.jpg",https://(null).olx.com.br/brasil/(null)/palio-fire-1-0-8v-flex-4p-615719574,Kobrasol,R$ 22.990,Palio Fire 1.0 8V (Flex) 4p
https://img.olx.com.br/thumbs256x256/58/583928117671715.jpg,https://(null).olx.com.br/brasil/(null)/palio-attractive-1-4-8v-flex-704617132,Kobrasol,R$ 67.900,Palio Attractive 1.4 8V (Flex)
https://img.olx.com.br/thumbs256x256/74/749013008733253.jpg,https://sc.olx.com.br/florianopolis-e-regiao/autos-e-pecas/carros-vans-e-utilitarios/freemont-7-l-baixa-km-705535406,"São José, 
										Roçado",R$ 24.900,Freemont 7 L. Baixa KM - 2015
https://img.olx.com.br/thumbs256x256/74/746013007497652.jpg,https://sc.olx.com.br/florianopolis-e-regiao/autos-e-pecas/carros-vans-e-utilitarios/idea-1-4-705416116,"São José, 
										Barreiros",R$ 15.800,Idea 1.4 - 2006
https://img.olx.com.br/thumbs256x256/74/749013008844198.jpg,https://sc.olx.com.br/florianopolis-e-regiao/autos-e-pecas/carros-vans-e-utilitarios/fiat-toro-2018-2019-1-8-16v-evo-flex-endurance-at6-662805638,"São José, 
										Campinas",R$ 74.900,FIAT TORO 2018/2019 1.8 16V EVO FLEX ENDURANCE AT6 - 2019
https://img.olx.com.br/thumbs256x256/74/743013007581720.jpg,https://sc.olx.com.br/florianopolis-e-regiao/autos-e-pecas/carros-vans-e-utilitarios/palio-attra-italia-1-4-619612649,"São José, 
										Kobrasol",R$ 28.890,Palio ATTRA./ITÁLIA 1.4  - 2013
https://img.olx.com.br/thumbs256x256/74/746013005623426.jpg,https://sc.olx.com.br/florianopolis-e-regiao/autos-e-pecas/carros-vans-e-utilitarios/doblo-adventure-705350280,Biguaçu,R$ 33.000,Doblo Adventure - 2011
https://img.olx.com.br/thumbs256x256/25/259925105974569.jpg,https://sc.olx.com.br/florianopolis-e-regiao/autos-e-pecas/carros-vans-e-utilitarios/palio-1999-reliquia-705309864,"São José, 
										Ipiranga",R$ 10.400,Palio 1999 relíquia!! - 1999
https://img.olx.com.br/thumbs256x256/53/533923116530884.jpg,https://sc.olx.com.br/florianopolis-e-regiao/autos-e-pecas/carros-vans-e-utilitarios/fiat-mobi-drive-gsr-705302370,"São José, 
										Ipiranga",R$ 38.000,Fiat Mobi Drive GSR - 2019
https://img.olx.com.br/thumbs256x256/25/257925102272642.jpg,https://sc.olx.com.br/florianopolis-e-regiao/autos-e-pecas/carros-vans-e-utilitarios/palio-economy-fire-705257202,Santo Amaro da Imperatriz,R$ 13.500,Palio ECONOMY Fire - 2012
"https://img.olx.com.br/thumbs256x256/77/770016008013556.jpg,778016009474882.jpg,775016006005428.jpg,773016008958790.jpg,775016008805976.jpg,770016003171381.jpg,779016004340779.jpg,778016005817460.jpg,779016007998201.jpg",https://sc.olx.com.br/florianopolis-e-regiao/autos-e-pecas/carros-vans-e-utilitarios/palio-2014-2014-1-0-mpi-attractive-8v-flex-4p-manual-705248274,"São José, 
										Campinas",R$ 29.900,PALIO 2014/2014 1.0 MPI ATTRACTIVE 8V FLEX 4P MANUAL - 2014
https://img.olx.com.br/thumbs256x256/77/775908095733598.jpg,https://sc.olx.com.br/florianopolis-e-regiao/autos-e-pecas/carros-vans-e-utilitarios/palio-weekend-adventure-locker-oportunidade-705213390,"São José, 
										Fazenda Santo Antônio",R$ 25.000,Palio Weekend Adventure locker Oportunidade - 2009
https://img.olx.com.br/thumbs256x256/73/736012003104411.jpg,https://sc.olx.com.br/florianopolis-e-regiao/autos-e-pecas/carros-vans-e-utilitarios/fiat-idea-adventure-1-8-689179901,"São José, 
										Picadas do Sul",R$ 46.890,Fiat Idea Adventure 1.8 - 2016
https://img.olx.com.br/thumbs256x256/34/346904115355022.jpg,https://sc.olx.com.br/florianopolis-e-regiao/autos-e-pecas/carros-vans-e-utilitarios/toro-2016-2017-1-8-16v-evo-flex-freedom-automatico-698760883,"São José, 
										Fazenda Santo Antônio",R$ 69.900,TORO 2016/2017 1.8 16V EVO FLEX FREEDOM AUTOMÁTICO - 2017
https://img.olx.com.br/thumbs256x256/02/020925022674290.jpg,https://sc.olx.com.br/florianopolis-e-regiao/autos-e-pecas/carros-vans-e-utilitarios/fiat-palio-2009-2010-1-4-mpi-fire-elx-weekend-8v-flex-4p-manual-689024218,"São José, 
										Jardim Cidade de Florianópolis",R$ 27.900,FIAT PALIO 2009/2010 1.4 MPI FIRE ELX WEEKEND 8V FLEX 4P MANUAL - 2010
https://img.olx.com.br/thumbs256x256/47/477917119052795.jpg,https://(null).olx.com.br/brasil/(null)/uno-mille-fire-economy-1-0-flex-4p-669124922,Kobrasol,R$ 19.900,Uno Mille Fire Economy 1.0 (Flex) 4p
https://img.olx.com.br/thumbs256x256/74/744013003069721.jpg,https://sc.olx.com.br/florianopolis-e-regiao/autos-e-pecas/carros-vans-e-utilitarios/fiat-palio-2010-2010-1-4-mpi-elx-8v-flex-4p-manual-543510233,"São José, 
										Campinas",R$ 22.900,FIAT PALIO 2010/2010 1.4 MPI ELX 8V FLEX 4P MANUAL - 2010
https://img.olx.com.br/thumbs256x256/72/722011000610833.jpg,https://sc.olx.com.br/florianopolis-e-regiao/autos-e-pecas/carros-vans-e-utilitarios/palio-atractive-1-0-2014-704967350,"Palhoça, 
										Pagani",R$ 28.500,Palio atractive 1.0 2014 - 2014
https://img.olx.com.br/thumbs256x256/72/728011000803244.jpg,https://sc.olx.com.br/florianopolis-e-regiao/autos-e-pecas/carros-vans-e-utilitarios/lindo-fiat-idea-adventure-704882783,"São José, 
										Areias",R$ 27.000,Lindo Fiat Idea Adventure - 2011
https://img.olx.com.br/thumbs256x256/71/717010009816903.jpg,https://sc.olx.com.br/florianopolis-e-regiao/autos-e-pecas/carros-vans-e-utilitarios/fiat-grand-siena-2013-2014-1-4-mpi-attractive-8v-flex-4p-manual-692332386,"São José, 
										Barreiros",R$ 33.900,FIAT GRAND SIENA 2013/2014 1.4 MPI ATTRACTIVE 8V FLEX 4P MANUAL - 2014
https://img.olx.com.br/thumbs256x256/72/727010005774785.jpg,https://sc.olx.com.br/florianopolis-e-regiao/autos-e-pecas/carros-vans-e-utilitarios/500-cult-1-4-8v-643931095,"São José, 
										Campinas",R$ 33.900,500 Cult 1.4 8V - 2013
https://img.olx.com.br/thumbs256x256/70/704009002347921.jpg,https://sc.olx.com.br/florianopolis-e-regiao/autos-e-pecas/carros-vans-e-utilitarios/doblo-1-8-adventure-697032129,"São José, 
										Campinas",R$ 24.900,Doblo 1.8 Adventure - 2006
https://img.olx.com.br/thumbs256x256/24/247916036413071.jpg,https://sc.olx.com.br/florianopolis-e-regiao/autos-e-pecas/carros-vans-e-utilitarios/toro-2017-2018-2-4-16v-multiair-flex-blackjack-automatico-704759960,"São José, 
										Barreiros",R$ 85.900,TORO 2017/2018 2.4 16V MULTIAIR FLEX BLACKJACK AUTOMÁTICO - 2018
https://img.olx.com.br/thumbs256x256/71/716010005599623.jpg,https://sc.olx.com.br/florianopolis-e-regiao/autos-e-pecas/carros-vans-e-utilitarios/palio-2011-12-704644357,"São José, 
										Forquilhinha",R$ 18.900,Palio 2011/12 - 2011
https://img.olx.com.br/thumbs256x256/70/701009003984588.jpg,https://sc.olx.com.br/florianopolis-e-regiao/autos-e-pecas/carros-vans-e-utilitarios/venda-704589440,"São José, 
										Areias",R$ 10.500,Venda - 2006
https://img.olx.com.br/thumbs256x256/71/710010006752621.jpg,https://sc.olx.com.br/florianopolis-e-regiao/autos-e-pecas/carros-vans-e-utilitarios/vendo-704534702,"Guaporanga, Biguaçu, 
										Saudade",R$ 21.500,Vendo - 2009
https://img.olx.com.br/thumbs256x256/31/314923036475774.jpg,https://sc.olx.com.br/florianopolis-e-regiao/autos-e-pecas/carros-vans-e-utilitarios/fiat-bravo-sporting-1-8-704452221,"São José, 
										Picadas do Sul",R$ 38.990,Fiat Bravo SPORTING 1.8 - 2013
https://img.olx.com.br/thumbs256x256/70/707009005113009.jpg,https://sc.olx.com.br/florianopolis-e-regiao/autos-e-pecas/carros-vans-e-utilitarios/vendo-doblo-704388387,"São José, 
										Roçado",R$ 17.800,Vendo doblo - 2003
https://img.olx.com.br/thumbs256x256/70/704009009190836.jpg,https://sc.olx.com.br/florianopolis-e-regiao/autos-e-pecas/carros-vans-e-utilitarios/palio-baixa-entrada-score-baixo-652542963,"São José, 
										Barreiros",R$ 6.982,Palio Baixa Entrada Score baixo - 2013
https://img.olx.com.br/thumbs256x256/70/702009001094636.jpg,https://sc.olx.com.br/florianopolis-e-regiao/autos-e-pecas/carros-vans-e-utilitarios/bravo-t-jet-1-4-704339532,"São José, 
										Campinas",R$ 36.900,Bravo T-JET 1.4  - 2012
https://img.olx.com.br/thumbs256x256/70/703009007835033.jpg,https://sc.olx.com.br/florianopolis-e-regiao/autos-e-pecas/carros-vans-e-utilitarios/vendo-carro-stilo-segundo-dono-704196689,"São José, 
										Barreiros",R$ 19.900,Vendo carro stilo segundo dono - 2010
https://img.olx.com.br/thumbs256x256/70/704009008080436.jpg,https://sc.olx.com.br/florianopolis-e-regiao/autos-e-pecas/carros-vans-e-utilitarios/vendo-704177215,"Palhoça, 
										Bela Vista",R$ 10.000,Vendo - 2003
https://img.olx.com.br/thumbs256x256/70/706009005542974.jpg,https://sc.olx.com.br/florianopolis-e-regiao/autos-e-pecas/carros-vans-e-utilitarios/siena-essence-dualogic-1-6-8v-655292980,"São José, 
										Campinas",R$ 25.900,Siena ESSENCE Dualogic 1.6 8V - 2011
https://img.olx.com.br/thumbs256x256/42/420902088317454.jpg,https://sc.olx.com.br/florianopolis-e-regiao/autos-e-pecas/carros-vans-e-utilitarios/uno-mille-fire-2006-704075528,"Biguaçu, 
										Universitário",R$ 11.900,Uno Mille Fire 2006 - 2006
https://img.olx.com.br/thumbs256x256/70/707009000769911.jpg,https://sc.olx.com.br/florianopolis-e-regiao/autos-e-pecas/carros-vans-e-utilitarios/uno-93-704043753,"Palhoça, 
										Barra do Aririú",R$ 3.000,Uno 93 - 1993
https://img.olx.com.br/thumbs256x256/70/708009000921468.jpg,https://sc.olx.com.br/florianopolis-e-regiao/autos-e-pecas/carros-vans-e-utilitarios/vendo-uno-vivace-11-12-704043373,"Palhoça, 
										Pedra Branca",R$ 19.500,Vendo uno vivace 11/12 - 2012
https://img.olx.com.br/thumbs256x256/69/697008006182268.jpg,https://sc.olx.com.br/florianopolis-e-regiao/autos-e-pecas/carros-vans-e-utilitarios/vendo-troco-ou-alugo-para-motoristas-de-app-647254141,"Biguaçu, 
										Morro da Bina",R$ 27.999,Vendo/Troco ou Alugo para motoristas de App - 2015
https://img.olx.com.br/thumbs256x256/70/704008008137009.jpg,https://sc.olx.com.br/florianopolis-e-regiao/autos-e-pecas/carros-vans-e-utilitarios/vendo-palio-96-703977271,Biguaçu,R$ 5.800,Vendo palio 96 - 1996
https://img.olx.com.br/thumbs256x256/95/957926098468694.jpg,https://sc.olx.com.br/florianopolis-e-regiao/autos-e-pecas/carros-vans-e-utilitarios/vende-se-703950653,"Biguaçu, 
										Morro da Bina",R$ 5.500,Vende-se - 1999
https://img.olx.com.br/thumbs256x256/69/690008005686280.jpg,https://sc.olx.com.br/florianopolis-e-regiao/autos-e-pecas/carros-vans-e-utilitarios/uno-2012-completo-com-gnv-quitado-703859257,"São José, 
										Campinas",R$ 19.900,Uno 2012 Completo com GNV QUITADO - 2012
https://img.olx.com.br/thumbs256x256/69/698008005571895.jpg,https://sc.olx.com.br/florianopolis-e-regiao/autos-e-pecas/carros-vans-e-utilitarios/bravo-essence-lindo-659033754,Biguaçu,R$ 24.800,Bravo essence lindo - 2012
https://img.olx.com.br/thumbs256x256/69/693008000841679.jpg,https://sc.olx.com.br/florianopolis-e-regiao/autos-e-pecas/carros-vans-e-utilitarios/fiat-palio-economy-fire-1-0-completo-2013-azul-703821068,"São José, 
										Barreiros",R$ 20.600,Fiat Palio Economy Fire 1.0 Completo 2013 Azul - 2013
https://img.olx.com.br/thumbs256x256/68/687007002041201.jpg,https://sc.olx.com.br/florianopolis-e-regiao/autos-e-pecas/carros-vans-e-utilitarios/linda-freemont-703798488,"Palhoça, 
										Centro",R$ 47.000,Linda Freemont - 2012
https://img.olx.com.br/thumbs256x256/68/686007006983566.jpg,https://sc.olx.com.br/florianopolis-e-regiao/autos-e-pecas/carros-vans-e-utilitarios/venda-703749445,"Palhoça, 
										Jardim Eldorado",R$ 13.900,Venda - 2013
https://img.olx.com.br/thumbs256x256/68/683007009619622.jpg,https://sc.olx.com.br/florianopolis-e-regiao/autos-e-pecas/carros-vans-e-utilitarios/brava-703730992,"Palhoça, 
										Jardim Eldorado",R$ 24.500,Brava - 2002
https://img.olx.com.br/thumbs256x256/67/679006000603526.jpg,https://sc.olx.com.br/florianopolis-e-regiao/autos-e-pecas/carros-vans-e-utilitarios/palio-weekend-2002-703075971,"Palhoça, 
										Centro",R$ 20.000,Palio Weekend 2002 - 2002
https://img.olx.com.br/thumbs256x256/67/675006003217116.jpg,https://sc.olx.com.br/florianopolis-e-regiao/autos-e-pecas/carros-vans-e-utilitarios/vendo-703026818,Biguaçu,R$ 10.000,Vendo - 2010
https://img.olx.com.br/thumbs256x256/66/662005007171545.jpg,https://sc.olx.com.br/florianopolis-e-regiao/autos-e-pecas/carros-vans-e-utilitarios/venda-702999983,"Palhoça, 
										Barra do Aririú",R$ 31.500,Venda - 1998
https://img.olx.com.br/thumbs256x256/67/679005007391698.jpg,https://sc.olx.com.br/florianopolis-e-regiao/autos-e-pecas/carros-vans-e-utilitarios/vendo-fiat-palio-2014-15-700438537,"Palhoça, 
										Passa Vinte",R$ 22.900,Vendo fiat Palio 2014/15 - 2015
https://img.olx.com.br/thumbs256x256/66/660005009144152.jpg,https://sc.olx.com.br/florianopolis-e-regiao/autos-e-pecas/carros-vans-e-utilitarios/siena-attractive-1-4-fire-flex-8v-4p-2011-702728025,"São José, 
										Barreiros",R$ 19.500,Siena Attractive 1.4 Fire Flex 8V 4p 2011 - 2011
https://img.olx.com.br/thumbs256x256/66/662004001288296.jpg,https://sc.olx.com.br/florianopolis-e-regiao/autos-e-pecas/carros-vans-e-utilitarios/fiat-uno-mille-economy-702718579,"São José, 
										Campinas",R$ 18.000,Fiat/Uno Mille Economy - 2013
https://img.olx.com.br/thumbs256x256/65/653004000603758.jpg,https://sc.olx.com.br/florianopolis-e-regiao/autos-e-pecas/carros-vans-e-utilitarios/palio-completo-702635157,"São José, 
										Nossa Senhora do Rosário",R$ 12.000,Palio completo - 2008
https://img.olx.com.br/thumbs256x256/65/650004006049740.jpg,https://sc.olx.com.br/florianopolis-e-regiao/autos-e-pecas/carros-vans-e-utilitarios/carro-702388252,"Palhoça, 
										Aririú",R$ 28.900,Carro - 2008
https://img.olx.com.br/thumbs256x256/65/655004003514823.jpg,https://sc.olx.com.br/florianopolis-e-regiao/autos-e-pecas/carros-vans-e-utilitarios/palio-wekeend-adventure-702368043,"São José, 
										Jardim Cidade de Florianópolis",R$ 16.500,Palio wekeend adventure - 2012
https://img.olx.com.br/thumbs256x256/65/651004007672737.jpg,https://sc.olx.com.br/florianopolis-e-regiao/autos-e-pecas/carros-vans-e-utilitarios/uno-way-2010-completo-702229861,"São José, 
										Forquilhas",R$ 19.000,Uno way 2010 completo - 2010
https://img.olx.com.br/thumbs256x256/65/657004001533204.jpg,https://sc.olx.com.br/florianopolis-e-regiao/autos-e-pecas/carros-vans-e-utilitarios/fiat-idea-elx-2007-702087828,"São José, 
										Forquilhinha",R$ 10.000,Fiat Idea ELX 2007 - 2007
https://img.olx.com.br/thumbs256x256/21/215913030117309.jpg,https://sc.olx.com.br/florianopolis-e-regiao/autos-e-pecas/carros-vans-e-utilitarios/vendo-fiat-mille-2005-2006-flex-motor-fire-carro-de-mulher-702054122,Antônio Carlos,R$ 24.900,Vendo Fiat Mille 2005/2006 Flex - Motor Fire - (carro de mulher) - 2006
https://img.olx.com.br/thumbs256x256/64/640003000788590.jpg,https://sc.olx.com.br/florianopolis-e-regiao/autos-e-pecas/carros-vans-e-utilitarios/stilo-blackmotion-702052082,Santo Amaro da Imperatriz,R$ 19.900,Stilo BlackMotion - 2010
https://img.olx.com.br/thumbs256x256/64/641003007052768.jpg,https://sc.olx.com.br/florianopolis-e-regiao/autos-e-pecas/carros-vans-e-utilitarios/file-repasse-hj-19900-sem-troca-702005109,"Palhoça, 
										Passa Vinte",R$ 24.500,File repasse hj 19900 sem troca - 2009
https://img.olx.com.br/thumbs256x256/64/646003004853024.jpg,https://sc.olx.com.br/florianopolis-e-regiao/autos-e-pecas/carros-vans-e-utilitarios/idea-attractive-1-4-flex-8v-701978126,Biguaçu,R$ 8.000,Idea attractive 1.4 flex 8v - 2012
https://img.olx.com.br/thumbs256x256/64/646003004761384.jpg,https://sc.olx.com.br/florianopolis-e-regiao/autos-e-pecas/carros-vans-e-utilitarios/fiat-uno-94-95-701977665,"Palhoça, 
										Centro",R$ 22.900,Fiat Uno 94/95 - 1995
https://img.olx.com.br/thumbs256x256/64/647002005697790.jpg,https://sc.olx.com.br/florianopolis-e-regiao/autos-e-pecas/carros-vans-e-utilitarios/vendo-uno-vivage-segundo-dono-68-000-mil-km-701861669,"São José, 
										Barreiros",R$ 53.000,Vendo uno vivage segundo dono 68.000 mil km - 2012
https://img.olx.com.br/thumbs256x256/64/642002002054435.jpg,https://sc.olx.com.br/florianopolis-e-regiao/autos-e-pecas/carros-vans-e-utilitarios/linda-freemont-top-precision-2014-651115553,Biguaçu,R$ 20.000,Linda Freemont top precision 2014 - 2014
https://img.olx.com.br/thumbs256x256/63/637002006338711.jpg,https://sc.olx.com.br/florianopolis-e-regiao/autos-e-pecas/carros-vans-e-utilitarios/2000-00-uno-vivace-2014-701584424,Palhoça,R$ 32.000,"2000,00 uno vivace 2014 - 2014"
https://img.olx.com.br/thumbs256x256/94/944925091438043.jpg,https://sc.olx.com.br/florianopolis-e-regiao/autos-e-pecas/carros-vans-e-utilitarios/idea-adventure-locker-2015-701535206,"São José, 
										Barreiros",R$ 24.000,Idea Adventure locker 2015 - 2015
https://img.olx.com.br/thumbs256x256/63/631001000864127.jpg,https://sc.olx.com.br/florianopolis-e-regiao/autos-e-pecas/carros-vans-e-utilitarios/palio-weekend-elx-1-4-701491434,"São José, 
										Sertão do Maruim",R$ 51.900,Palio weekend elx 1.4 - 2010
https://img.olx.com.br/thumbs256x256/63/635001006191592.jpg,https://sc.olx.com.br/florianopolis-e-regiao/autos-e-pecas/carros-vans-e-utilitarios/palio-weekend-para-pessoas-exigentes-701454796,"São José, 
										Campinas",R$ 21.500,Palio Weekend para pessoas exigentes - 2018
https://img.olx.com.br/thumbs256x256/61/612931110962105.jpg,https://sc.olx.com.br/florianopolis-e-regiao/autos-e-pecas/carros-vans-e-utilitarios/fiat-punto-4-portas-branco-2010-701391097,"Biguaçu, 
										Vendaval",R$ 29.500,Fiat Punto 4 portas branco 2010 - 2010
https://img.olx.com.br/thumbs256x256/60/607930118137954.jpg,https://sc.olx.com.br/florianopolis-e-regiao/autos-e-pecas/carros-vans-e-utilitarios/siena-el-1-0-2015-gnv-701325906,"São José, 
										Areias",R$ 6.000,Siena el 1.0 2015 GNV - 2015
https://img.olx.com.br/thumbs256x256/60/602930113827623.jpg,https://sc.olx.com.br/florianopolis-e-regiao/autos-e-pecas/carros-vans-e-utilitarios/vendo-701288911,"Palhoça, 
										Ponte do Imaruim",R$ 24.900,Vendo - 2001
https://img.olx.com.br/thumbs256x256/59/592928119736363.jpg,https://sc.olx.com.br/florianopolis-e-regiao/autos-e-pecas/carros-vans-e-utilitarios/linea-lx-1-9-2010-678147120,"Biguaçu, 
										Universitário",R$ 32.800,Linea LX 1.9 2010 - 2010
https://img.olx.com.br/thumbs256x256/58/586928111503958.jpg,https://sc.olx.com.br/florianopolis-e-regiao/autos-e-pecas/carros-vans-e-utilitarios/gran-siena-tetra-ful-2013-700977401,Santo Amaro da Imperatriz,R$ 28.800,Gran Siena tetra ful 2013 - 2013
https://img.olx.com.br/thumbs256x256/81/817020006922894.jpg,https://sc.olx.com.br/florianopolis-e-regiao/autos-e-pecas/carros-vans-e-utilitarios/punto-2013-1-4-atractive-italia-700969762,Santo Amaro da Imperatriz,R$ 3.500,Punto 2013 1.4 atractive Itália - 2013
https://img.olx.com.br/thumbs256x256/57/573926113326284.jpg,https://sc.olx.com.br/florianopolis-e-regiao/autos-e-pecas/carros-vans-e-utilitarios/vende-se-fiat-tipo-700777484,"São José, 
										Forquilhinha",R$ 21.500,Vende-se fiat tipo - 1994
https://img.olx.com.br/thumbs256x256/56/566926114750431.jpg,https://sc.olx.com.br/florianopolis-e-regiao/autos-e-pecas/carros-vans-e-utilitarios/vende-se-uno-vivace-celebration-2013-700623002,"Palhoça, 
										Centro",R$ 28.000,Vende-se uno vivace celebration 2013 - 2013
https://img.olx.com.br/thumbs256x256/56/568926112407833.jpg,https://sc.olx.com.br/florianopolis-e-regiao/autos-e-pecas/carros-vans-e-utilitarios/fiat-palio-2013-700529738,"São José, 
										Kobrasol",R$ 5.300,Fiat palio 2013 - 2013
https://img.olx.com.br/thumbs256x256/56/563926116295148.jpg,https://sc.olx.com.br/florianopolis-e-regiao/autos-e-pecas/carros-vans-e-utilitarios/uno-00-01-700190828,"São José, 
										Areias",R$ 2.800,Uno 00/01 - 2001
https://img.olx.com.br/thumbs256x256/56/568926115062491.jpg,https://sc.olx.com.br/florianopolis-e-regiao/autos-e-pecas/carros-vans-e-utilitarios/vendo-ou-troco-700102334,Biguaçu,R$ 29.900,Vendo ou troco - 1995
https://img.olx.com.br/thumbs256x256/54/541924112982456.jpg,https://sc.olx.com.br/florianopolis-e-regiao/autos-e-pecas/carros-vans-e-utilitarios/palio-adventure-locker-impecavel-700091794,"Biguaçu, 
										Jardim Janaína",R$ 10.500,Palio Adventure Locker.impecavel - 2009
https://img.olx.com.br/thumbs256x256/54/541924119164220.jpg,https://sc.olx.com.br/florianopolis-e-regiao/autos-e-pecas/carros-vans-e-utilitarios/palio-699613925,"São José, 
										Sertão do Maruim",R$ 25.300,Palio - 2007
https://img.olx.com.br/thumbs256x256/81/814020009915034.jpg,https://sc.olx.com.br/florianopolis-e-regiao/autos-e-pecas/carros-vans-e-utilitarios/uno-699537491,"Palhoça, 
										Aririú",R$ 18.000,Uno - 2013
https://img.olx.com.br/thumbs256x256/53/533923117359136.jpg,https://sc.olx.com.br/florianopolis-e-regiao/autos-e-pecas/carros-vans-e-utilitarios/idea-essence-2012-699452698,"Palhoça, 
										Ponte do Imaruim",R$ 24.900,Idea essence 2012 - 2012
https://img.olx.com.br/thumbs256x256/53/537923116940962.jpg,https://sc.olx.com.br/florianopolis-e-regiao/autos-e-pecas/carros-vans-e-utilitarios/uno-mille-way-699330742,"São José, 
										Serraria",R$ 16.000,Uno Mille way - 2013
https://img.olx.com.br/thumbs256x256/71/719010007380215.jpg,https://sc.olx.com.br/florianopolis-e-regiao/autos-e-pecas/carros-vans-e-utilitarios/fiat-idea-1-6-699309994,Santo Amaro da Imperatriz,R$ 48.000,Fiat Idea 1.6 - 2010
https://img.olx.com.br/thumbs256x256/48/486918119816967.jpg,https://sc.olx.com.br/florianopolis-e-regiao/autos-e-pecas/carros-vans-e-utilitarios/uno-mille-fire-economico-unico-dono-699114985,"São José, 
										Forquilhas",R$ 16.000,Uno Mille Fire econômico único dono - 2013
https://img.olx.com.br/thumbs256x256/47/478917117510773.jpg,https://sc.olx.com.br/florianopolis-e-regiao/autos-e-pecas/carros-vans-e-utilitarios/fiat-weekend-adventure-699081919,"Palhoça, 
										Aririú",R$ 11.500,Fiat Weekend Adventure - 2016
https://img.olx.com.br/thumbs256x256/47/478917114051341.jpg,https://sc.olx.com.br/florianopolis-e-regiao/autos-e-pecas/carros-vans-e-utilitarios/palio-week-pego-troca-no-valor-698997486,Governador Celso Ramos,R$ 42.900,Palio week pego troca no valor - 2012
https://img.olx.com.br/thumbs256x256/46/460916111936946.jpg,https://sc.olx.com.br/florianopolis-e-regiao/autos-e-pecas/carros-vans-e-utilitarios/stilo-698961509,"Palhoça, 
										Caminho Novo",R$ 18.000,Stilo - 2003
https://img.olx.com.br/thumbs256x256/46/469916115705837.jpg,https://sc.olx.com.br/florianopolis-e-regiao/autos-e-pecas/carros-vans-e-utilitarios/palio-698730414,Santo Amaro da Imperatriz,R$ 15.000,Palio - 2000
https://img.olx.com.br/thumbs256x256/43/437913119016478.jpg,https://sc.olx.com.br/florianopolis-e-regiao/autos-e-pecas/carros-vans-e-utilitarios/palio-weekend-696627535,Santo Amaro da Imperatriz,R$ 18.500,Palio weekend - 2005
https://img.olx.com.br/thumbs256x256/42/429912119609644.jpg,https://sc.olx.com.br/florianopolis-e-regiao/autos-e-pecas/carros-vans-e-utilitarios/venda-696342894,"São José, 
										Areias",R$ 7.500,Venda - 1999
https://img.olx.com.br/thumbs256x256/42/423911115074440.jpg,https://sc.olx.com.br/florianopolis-e-regiao/autos-e-pecas/carros-vans-e-utilitarios/uno-696339250,Santo Amaro da Imperatriz,R$ 7.500,Uno - 1994
https://img.olx.com.br/thumbs256x256/40/403910110214104.jpg,https://sc.olx.com.br/florianopolis-e-regiao/autos-e-pecas/carros-vans-e-utilitarios/troco-fiat-uno-2010-por-moto-695975205,"São José, 
										Potecas",R$ 16.000,Troco Fiat uno 2010 por moto - 2010
https://img.olx.com.br/thumbs256x256/39/394909113873635.jpg,https://sc.olx.com.br/florianopolis-e-regiao/autos-e-pecas/carros-vans-e-utilitarios/troca-695924626,"Palhoça, 
										Bela Vista",R$ 5.500,Troca - 2001
https://img.olx.com.br/thumbs256x256/39/391909118545554.jpg,https://sc.olx.com.br/florianopolis-e-regiao/autos-e-pecas/carros-vans-e-utilitarios/fiat-doblo-essece-695808743,"São José, 
										Campinas",R$ 32.500,Fiat Doblo essece - 2012
https://img.olx.com.br/thumbs256x256/39/391909114036590.jpg,https://sc.olx.com.br/florianopolis-e-regiao/autos-e-pecas/carros-vans-e-utilitarios/oportunidade-uno-economy-1-4-evo-fire-flex-4-portas-completo-695502895,"Palhoça, 
										Alto Aririú",R$ 26.000,Oportunidade- Uno Economy 1.4 Evo Fire Flex 4 Portas Completo - 2014
https://img.olx.com.br/thumbs256x256/38/389908110902090.jpg,https://sc.olx.com.br/florianopolis-e-regiao/autos-e-pecas/carros-vans-e-utilitarios/repasse-695216189,Santo Amaro da Imperatriz,R$ 3.999,Repasse - 1989
https://img.olx.com.br/thumbs256x256/38/381908111706309.jpg,https://sc.olx.com.br/florianopolis-e-regiao/autos-e-pecas/carros-vans-e-utilitarios/vendo-uno-vivace-2010-2011-r-15-500-00-694694741,"São José, 
										Areias",R$ 15.500,"Vendo Uno Vivace 2010/2011 R$15.500,00 - 2011"
https://img.olx.com.br/thumbs256x256/37/378907115337581.jpg,https://sc.olx.com.br/florianopolis-e-regiao/autos-e-pecas/carros-vans-e-utilitarios/fiat-mobi-easy-on-694495206,"São José, 
										Barreiros",R$ 29.990,Fiat Mobi Easy on - 2017
https://img.olx.com.br/thumbs256x256/37/377906112133602.jpg,https://sc.olx.com.br/florianopolis-e-regiao/autos-e-pecas/carros-vans-e-utilitarios/carro-694458861,Biguaçu,R$ 22.000,Carro - 2009
https://img.olx.com.br/thumbs256x256/37/378906111663299.jpg,https://sc.olx.com.br/florianopolis-e-regiao/autos-e-pecas/carros-vans-e-utilitarios/uno-bem-conservado-694264276,Palhoça,R$ 10.499,Uno bem conservado - 2007
https://img.olx.com.br/thumbs256x256/36/360906110224648.jpg,https://sc.olx.com.br/florianopolis-e-regiao/autos-e-pecas/carros-vans-e-utilitarios/fiat-uno-694129539,"São José, 
										Barreiros",R$ 15.000,Fiat Uno - 2010
https://img.olx.com.br/thumbs256x256/36/360906112424913.jpg,https://sc.olx.com.br/florianopolis-e-regiao/autos-e-pecas/carros-vans-e-utilitarios/palio-week-adv-locker-dualogic-abaixo-da-fipe-694087297,"Palhoça, 
										Caminho Novo",R$ 30.900,Palio Week Adv Locker Dualogic Abaixo da FIPE * - 2013
https://img.olx.com.br/thumbs256x256/35/351905110851804.jpg,https://sc.olx.com.br/florianopolis-e-regiao/autos-e-pecas/carros-vans-e-utilitarios/fiat-palio-weekend-adventure-locker-1-8-2010-693886589,"São José, 
										Picadas do Sul",R$ 24.700,Fiat Palio Weekend Adventure Locker 1.8 - 2010 - 2010
https://img.olx.com.br/thumbs256x256/35/354905113914548.jpg,https://sc.olx.com.br/florianopolis-e-regiao/autos-e-pecas/carros-vans-e-utilitarios/uno-troco-693859684,"Palhoça, 
										São Sebastião",R$ 16.000,Uno troco - 2011
https://img.olx.com.br/thumbs256x256/34/340904113689026.jpg,https://sc.olx.com.br/florianopolis-e-regiao/autos-e-pecas/carros-vans-e-utilitarios/venda-693557364,"São José, 
										Areias",R$ 5.000,Venda - 1998
https://img.olx.com.br/thumbs256x256/33/331903111326834.jpg,https://sc.olx.com.br/florianopolis-e-regiao/autos-e-pecas/carros-vans-e-utilitarios/palio-1997-693383876,"Palhoça, 
										Madri",R$ 7.000,Palio 1997 - 1997
https://img.olx.com.br/thumbs256x256/33/338902111547226.jpg,https://sc.olx.com.br/florianopolis-e-regiao/autos-e-pecas/carros-vans-e-utilitarios/vendo-palio-693383080,Governador Celso Ramos,R$ 5.000,Vendo palio - 1997
https://img.olx.com.br/thumbs256x256/32/320902111424752.jpg,https://sc.olx.com.br/florianopolis-e-regiao/autos-e-pecas/carros-vans-e-utilitarios/palio-99-693302744,"Palhoça, 
										Brejarú",R$ 5.000,Palio 99 - 1999
https://img.olx.com.br/thumbs256x256/32/320902118317871.jpg,https://sc.olx.com.br/florianopolis-e-regiao/autos-e-pecas/carros-vans-e-utilitarios/vendo-uno-693259436,Águas Mornas,R$ 8.000,Vendo uno - 2006
https://img.olx.com.br/thumbs256x256/32/321902115449374.jpg,https://sc.olx.com.br/florianopolis-e-regiao/autos-e-pecas/carros-vans-e-utilitarios/punto-attractive-financiado-692951149,"São José, 
										Ipiranga",R$ 18.500,Punto Attractive ( financiado ) - 2016
https://img.olx.com.br/thumbs256x256/63/631001001861249.jpg,https://sc.olx.com.br/florianopolis-e-regiao/autos-e-pecas/carros-vans-e-utilitarios/uno-2006-2007motor-fire-de-8-000-deixo-por-7-000-avista-692807478,"Palhoça, 
										Praia de Fora",R$ 8.000,Uno 2006/2007motor fire de 8.000 deixo por 7.000 avista - 2006
https://img.olx.com.br/thumbs256x256/31/313930105942498.jpg,https://sc.olx.com.br/florianopolis-e-regiao/autos-e-pecas/carros-vans-e-utilitarios/veiculo-fiat-punto-attractive-692379680,"Guaporanga, Biguaçu, 
										Tijuquinhas (Guaporanga)",R$ 30.500,Veículo Fiat Punto Attractive - 2014
https://img.olx.com.br/thumbs256x256/30/302930100982476.jpg,https://sc.olx.com.br/florianopolis-e-regiao/autos-e-pecas/carros-vans-e-utilitarios/vendo-uno-evo-vivace-2012-3-portas-basico-691887638,"São José, 
										Areias",R$ 16.000,"Vendo uno evo vivace 2012, 3 portas básico - 2012"
https://img.olx.com.br/thumbs256x256/29/297929102265144.jpg,https://sc.olx.com.br/florianopolis-e-regiao/autos-e-pecas/carros-vans-e-utilitarios/7-500-691770438,"São José, 
										Centro",R$ 7.500,7.500 - 2000
https://img.olx.com.br/thumbs256x256/45/452914110636881.jpg,https://sc.olx.com.br/florianopolis-e-regiao/autos-e-pecas/carros-vans-e-utilitarios/siena-el-691710225,"Palhoça, 
										Guarda do Cubatão",R$ 17.500,Siena el - 2011
https://img.olx.com.br/thumbs256x256/28/282928106580365.jpg,https://sc.olx.com.br/florianopolis-e-regiao/autos-e-pecas/carros-vans-e-utilitarios/palio-03-completo-691708093,"São José, 
										Forquilhinha",R$ 10.500,Palio 03 completo - 2003
https://img.olx.com.br/thumbs256x256/27/274927100546198.jpg,https://sc.olx.com.br/florianopolis-e-regiao/autos-e-pecas/carros-vans-e-utilitarios/fiat-idea-1-6-691662349,Santo Amaro da Imperatriz,R$ 25.900,Fiat idea 1.6 - 2011
https://img.olx.com.br/thumbs256x256/28/288928108414565.jpg,https://sc.olx.com.br/florianopolis-e-regiao/autos-e-pecas/carros-vans-e-utilitarios/palio-2015-1-4-completo-691369507,Santo Amaro da Imperatriz,R$ 34.800,Palio 2015 1.4 completo - 2015
https://img.olx.com.br/thumbs256x256/27/272927106901128.jpg,https://sc.olx.com.br/florianopolis-e-regiao/autos-e-pecas/carros-vans-e-utilitarios/palio-atractive-1-4-691081547,"Palhoça, 
										São Sebastião",R$ 26.000,Palio atractive 1.4 - 2013
https://img.olx.com.br/thumbs256x256/25/257925109940256.jpg,https://sc.olx.com.br/florianopolis-e-regiao/autos-e-pecas/carros-vans-e-utilitarios/fiat-idea-690995657,Governador Celso Ramos,R$ 35.000,Fiat idea - 2015
https://img.olx.com.br/thumbs256x256/25/251925105258064.jpg,https://sc.olx.com.br/florianopolis-e-regiao/autos-e-pecas/carros-vans-e-utilitarios/palio-2015-vendo-690714337,"Biguaçu, 
										Centro",R$ 31.000,Palio 2015 - vendo - 2015
https://img.olx.com.br/thumbs256x256/25/258924108749459.jpg,https://sc.olx.com.br/florianopolis-e-regiao/autos-e-pecas/carros-vans-e-utilitarios/palio-2007-bem-conservado-75-000km-690250005,Santo Amaro da Imperatriz,R$ 14.000,Palio 2007 bem conservado 75.000km - 2007
https://img.olx.com.br/thumbs256x256/25/251924109084234.jpg,https://sc.olx.com.br/florianopolis-e-regiao/autos-e-pecas/carros-vans-e-utilitarios/palio-weekend-2002-690192153,"Biguaçu, 
										Fundos",R$ 10.000,Palio weekend 2002 - 2002
https://img.olx.com.br/thumbs256x256/23/238923105092088.jpg,https://sc.olx.com.br/florianopolis-e-regiao/autos-e-pecas/carros-vans-e-utilitarios/palio-economy-fire-2010-1-0-2p-14-000-689971970,"São José, 
										Picadas do Sul",R$ 3.500,Palio economy fire 2010 1.0 2p 14.000 - 2010
https://img.olx.com.br/thumbs256x256/23/236923101120883.jpg,https://sc.olx.com.br/florianopolis-e-regiao/autos-e-pecas/carros-vans-e-utilitarios/uno-92-baratoooo-689580560,Santo Amaro da Imperatriz,R$ 9.500,Uno 92 baratoooo!! - 1992
https://img.olx.com.br/thumbs256x256/14/142914102562327.jpg,https://sc.olx.com.br/florianopolis-e-regiao/autos-e-pecas/carros-vans-e-utilitarios/carro-689245259,"São José, 
										Barreiros",R$ 5.990,Carro - 2002
https://img.olx.com.br/thumbs256x256/05/050905100023237.jpg,https://sc.olx.com.br/florianopolis-e-regiao/autos-e-pecas/carros-vans-e-utilitarios/torrando-uno-mille-fire-689228056,"São José, 
										Forquilhinha",R$ 19.900,Torrando uno Mille fire - 2002
https://img.olx.com.br/thumbs256x256/80/805911096021301.jpg,https://sc.olx.com.br/florianopolis-e-regiao/autos-e-pecas/carros-vans-e-utilitarios/doblo-689103569,"São José, 
										Jardim Cidade de Florianópolis",R$ 18.000,Doblo - 2006
https://img.olx.com.br/thumbs256x256/72/729903095645398.jpg,https://sc.olx.com.br/florianopolis-e-regiao/autos-e-pecas/carros-vans-e-utilitarios/palio-wk-adventure-tryon-1-8-688957582,Palhoça,R$ 10.000,Palio wk Adventure tryon 1.8 - 2007
https://img.olx.com.br/thumbs256x256/21/215913038000261.jpg,https://sc.olx.com.br/florianopolis-e-regiao/autos-e-pecas/carros-vans-e-utilitarios/palio-fire-basico-688955409,"Palhoça, 
										Passa Vinte",R$ 8.000,Palio fire básico - 2002
https://img.olx.com.br/thumbs256x256/21/215913035789759.jpg,https://sc.olx.com.br/florianopolis-e-regiao/autos-e-pecas/carros-vans-e-utilitarios/palio-2001-troca-ou-venda-688622190,"São José, 
										Nossa Senhora do Rosário",R$ 23.900,Pálio 2001 - Troca ou venda - 2001
https://img.olx.com.br/thumbs256x256/94/940925090179549.jpg,https://sc.olx.com.br/florianopolis-e-regiao/autos-e-pecas/carros-vans-e-utilitarios/fiat-500-2014-2014-1-4-cult-8v-flex-2p-automatizado-604355985,"São José, 
										Campinas",R$ 34.900,FIAT 500 2014/2014 1.4 CULT 8V FLEX 2P AUTOMATIZADO - 2014
